Insert into GCZ_SERVICIO (CODIGO_SERVICIO,NOMBRE,DESCRIPCION,ESTADO,CODIGO_SECCION_DEFECTO,DIRECTORIO_BASE,GCZ_PUBLICADO,GCZ_USUARIOALTA,GCZ_USUARIOMOD,GCZ_USUARIOPUB,GCZ_FECHAALTA,GCZ_FECHAMOD,GCZ_FECHAPUB,GCZ_USUARIOSADMIN) values ('TICKETING','Ticketing','Gestión de solicitudes',null,'REQUESTS',null,'S','admin','admin','admin',to_date('25/10/10','DD/MM/RR'),to_date('01/06/16','DD/MM/RR'),to_date('08/11/10','DD/MM/RR'),null);

Insert into GCZ_SECCION (CODIGO_SECCION,CODIGO_SERVICIO,NOMBRE,DESCRIPCION,ESTADO,WWW_URL,INI_URL,GCZ_PUBLICADO,GCZ_USUARIOALTA,GCZ_USUARIOMOD,GCZ_USUARIOPUB,GCZ_FECHAALTA,GCZ_FECHAMOD,GCZ_FECHAPUB) values ('REQUESTS','TICKETING','Programas',null,'S',null,'../agenda/programa.do?operation=listar','S','admin',null,'admin',to_date('03/12/15','DD/MM/RR'),null,to_date('03/12/15','DD/MM/RR'));

Insert into GCZ_GRUPO_OPERACIONES (ID_GRUPO_OPERACIONES,CODIGO_GRUPO_OPERACIONES,NOMBRE,DESCRIPCION,CODIGO_SERVICIO,CODIGO_SECCION,GCZ_PUBLICADO,GCZ_FECHAALTA,GCZ_FECHAMOD,GCZ_FECHAPUB,GCZ_USUARIOALTA,GCZ_USUARIOMOD,GCZ_USUARIOPUB,TIPO) values ('3633','ADJ','Asociar a categorias adyacentes',null,'TICKETING','REQUESTS','S',to_date('08/05/17','DD/MM/RR'),null,to_date('08/05/17','DD/MM/RR'),'admin',null,'admin','ESP');
Insert into GCZ_GRUPO_OPERACIONES (ID_GRUPO_OPERACIONES,CODIGO_GRUPO_OPERACIONES,NOMBRE,DESCRIPCION,CODIGO_SERVICIO,CODIGO_SECCION,GCZ_PUBLICADO,GCZ_FECHAALTA,GCZ_FECHAMOD,GCZ_FECHAPUB,GCZ_USUARIOALTA,GCZ_USUARIOMOD,GCZ_USUARIOPUB,TIPO) values ('3470','ADMIN','Solo para administradores de QyS',null,'TICKETING','REQUESTS','S',to_date('15/11/13','DD/MM/RR'),null,to_date('15/11/13','DD/MM/RR'),'admin',null,'admin','ESP');
Insert into GCZ_GRUPO_OPERACIONES (ID_GRUPO_OPERACIONES,CODIGO_GRUPO_OPERACIONES,NOMBRE,DESCRIPCION,CODIGO_SERVICIO,CODIGO_SECCION,GCZ_PUBLICADO,GCZ_FECHAALTA,GCZ_FECHAMOD,GCZ_FECHAPUB,GCZ_USUARIOALTA,GCZ_USUARIOMOD,GCZ_USUARIOPUB,TIPO) values ('3512','ADMINOPERADOR','Administrador de operadores',null,'TICKETING','REQUESTS','S',to_date('12/08/14','DD/MM/RR'),null,to_date('12/08/14','DD/MM/RR'),'admin',null,'admin','ESP');
Insert into GCZ_GRUPO_OPERACIONES (ID_GRUPO_OPERACIONES,CODIGO_GRUPO_OPERACIONES,NOMBRE,DESCRIPCION,CODIGO_SERVICIO,CODIGO_SECCION,GCZ_PUBLICADO,GCZ_FECHAALTA,GCZ_FECHAMOD,GCZ_FECHAPUB,GCZ_USUARIOALTA,GCZ_USUARIOMOD,GCZ_USUARIOPUB,TIPO) values ('3514','ANSWERREQUESTED','Solicita respuesta',null,'TICKETING','REQUESTS','S',to_date('13/08/14','DD/MM/RR'),null,to_date('13/08/14','DD/MM/RR'),'admin',null,'admin','ESP');
Insert into GCZ_GRUPO_OPERACIONES (ID_GRUPO_OPERACIONES,CODIGO_GRUPO_OPERACIONES,NOMBRE,DESCRIPCION,CODIGO_SERVICIO,CODIGO_SECCION,GCZ_PUBLICADO,GCZ_FECHAALTA,GCZ_FECHAMOD,GCZ_FECHAPUB,GCZ_USUARIOALTA,GCZ_USUARIOMOD,GCZ_USUARIOPUB,TIPO) values ('3515','CATEGORY','Gesti¿e categorias',null,'TICKETING','REQUESTS','S',to_date('29/08/14','DD/MM/RR'),null,to_date('29/08/14','DD/MM/RR'),'admin',null,'admin','ESP');
Insert into GCZ_GRUPO_OPERACIONES (ID_GRUPO_OPERACIONES,CODIGO_GRUPO_OPERACIONES,NOMBRE,DESCRIPCION,CODIGO_SERVICIO,CODIGO_SECCION,GCZ_PUBLICADO,GCZ_FECHAALTA,GCZ_FECHAMOD,GCZ_FECHAPUB,GCZ_USUARIOALTA,GCZ_USUARIOMOD,GCZ_USUARIOPUB,TIPO) values ('3521','CERRARSINCONTESTAR','Cerrar sin contestar',null,'TICKETING','REQUESTS','S',to_date('20/10/14','DD/MM/RR'),null,to_date('20/10/14','DD/MM/RR'),'admin',null,'admin','ESP');
Insert into GCZ_GRUPO_OPERACIONES (ID_GRUPO_OPERACIONES,CODIGO_GRUPO_OPERACIONES,NOMBRE,DESCRIPCION,CODIGO_SERVICIO,CODIGO_SECCION,GCZ_PUBLICADO,GCZ_FECHAALTA,GCZ_FECHAMOD,GCZ_FECHAPUB,GCZ_USUARIOALTA,GCZ_USUARIOMOD,GCZ_USUARIOPUB,TIPO) values ('3519','CONTESTAR','Contestar al ciudadano',null,'TICKETING','REQUESTS','S',to_date('26/09/14','DD/MM/RR'),null,to_date('26/09/14','DD/MM/RR'),'admin',null,'admin','ESP');
Insert into GCZ_GRUPO_OPERACIONES (ID_GRUPO_OPERACIONES,CODIGO_GRUPO_OPERACIONES,NOMBRE,DESCRIPCION,CODIGO_SERVICIO,CODIGO_SECCION,GCZ_PUBLICADO,GCZ_FECHAALTA,GCZ_FECHAMOD,GCZ_FECHAPUB,GCZ_USUARIOALTA,GCZ_USUARIOMOD,GCZ_USUARIOPUB,TIPO) values ('3525','CSV','Descarga de datos en CSV',null,'TICKETING','REQUESTS','S',to_date('12/01/15','DD/MM/RR'),null,to_date('14/01/15','DD/MM/RR'),'admin',null,'admin','ESP');
Insert into GCZ_GRUPO_OPERACIONES (ID_GRUPO_OPERACIONES,CODIGO_GRUPO_OPERACIONES,NOMBRE,DESCRIPCION,CODIGO_SERVICIO,CODIGO_SECCION,GCZ_PUBLICADO,GCZ_FECHAALTA,GCZ_FECHAMOD,GCZ_FECHAPUB,GCZ_USUARIOALTA,GCZ_USUARIOMOD,GCZ_USUARIOPUB,TIPO) values ('3459','DEL',null,null,'TICKETING','REQUESTS','S',to_date('14/11/13','DD/MM/RR'),null,to_date('14/11/13','DD/MM/RR'),'admin',null,'admin','PRE');
Insert into GCZ_GRUPO_OPERACIONES (ID_GRUPO_OPERACIONES,CODIGO_GRUPO_OPERACIONES,NOMBRE,DESCRIPCION,CODIGO_SERVICIO,CODIGO_SECCION,GCZ_PUBLICADO,GCZ_FECHAALTA,GCZ_FECHAMOD,GCZ_FECHAPUB,GCZ_USUARIOALTA,GCZ_USUARIOMOD,GCZ_USUARIOPUB,TIPO) values ('3458','DET',null,null,'TICKETING','REQUESTS','S',to_date('14/11/13','DD/MM/RR'),null,to_date('14/11/13','DD/MM/RR'),'admin',null,'admin','PRE');
Insert into GCZ_GRUPO_OPERACIONES (ID_GRUPO_OPERACIONES,CODIGO_GRUPO_OPERACIONES,NOMBRE,DESCRIPCION,CODIGO_SERVICIO,CODIGO_SECCION,GCZ_PUBLICADO,GCZ_FECHAALTA,GCZ_FECHAMOD,GCZ_FECHAPUB,GCZ_USUARIOALTA,GCZ_USUARIOMOD,GCZ_USUARIOPUB,TIPO) values ('3460','DOC',null,null,'TICKETING','REQUESTS','S',to_date('14/11/13','DD/MM/RR'),null,to_date('14/11/13','DD/MM/RR'),'admin',null,'admin','PRE');
Insert into GCZ_GRUPO_OPERACIONES (ID_GRUPO_OPERACIONES,CODIGO_GRUPO_OPERACIONES,NOMBRE,DESCRIPCION,CODIGO_SERVICIO,CODIGO_SECCION,GCZ_PUBLICADO,GCZ_FECHAALTA,GCZ_FECHAMOD,GCZ_FECHAPUB,GCZ_USUARIOALTA,GCZ_USUARIOMOD,GCZ_USUARIOPUB,TIPO) values ('3520','ESTADISTICA','Acceso a estadisticas',null,'TICKETING','REQUESTS','S',to_date('20/10/14','DD/MM/RR'),null,to_date('20/10/14','DD/MM/RR'),'admin',null,'admin','ESP');
Insert into GCZ_GRUPO_OPERACIONES (ID_GRUPO_OPERACIONES,CODIGO_GRUPO_OPERACIONES,NOMBRE,DESCRIPCION,CODIGO_SERVICIO,CODIGO_SECCION,GCZ_PUBLICADO,GCZ_FECHAALTA,GCZ_FECHAMOD,GCZ_FECHAPUB,GCZ_USUARIOALTA,GCZ_USUARIOMOD,GCZ_USUARIOPUB,TIPO) values ('3522','EXCEL','Generar fichero en excel',null,'TICKETING','REQUESTS','S',to_date('24/10/14','DD/MM/RR'),null,to_date('24/10/14','DD/MM/RR'),'admin',null,'admin','ESP');
Insert into GCZ_GRUPO_OPERACIONES (ID_GRUPO_OPERACIONES,CODIGO_GRUPO_OPERACIONES,NOMBRE,DESCRIPCION,CODIGO_SERVICIO,CODIGO_SECCION,GCZ_PUBLICADO,GCZ_FECHAALTA,GCZ_FECHAMOD,GCZ_FECHAPUB,GCZ_USUARIOALTA,GCZ_USUARIOMOD,GCZ_USUARIOPUB,TIPO) values ('3517','INSPECTOR','Permiso propio de inspector',null,'TICKETING','REQUESTS','S',to_date('15/09/14','DD/MM/RR'),null,to_date('15/09/14','DD/MM/RR'),'admin',null,'admin','ESP');
Insert into GCZ_GRUPO_OPERACIONES (ID_GRUPO_OPERACIONES,CODIGO_GRUPO_OPERACIONES,NOMBRE,DESCRIPCION,CODIGO_SERVICIO,CODIGO_SECCION,GCZ_PUBLICADO,GCZ_FECHAALTA,GCZ_FECHAMOD,GCZ_FECHAPUB,GCZ_USUARIOALTA,GCZ_USUARIOMOD,GCZ_USUARIOPUB,TIPO) values ('3534','INTERNALSTATUS','Estado interno',null,'TICKETING','REQUESTS','S',to_date('18/06/15','DD/MM/RR'),null,to_date('18/06/15','DD/MM/RR'),'admin',null,'admin','ESP');
Insert into GCZ_GRUPO_OPERACIONES (ID_GRUPO_OPERACIONES,CODIGO_GRUPO_OPERACIONES,NOMBRE,DESCRIPCION,CODIGO_SERVICIO,CODIGO_SECCION,GCZ_PUBLICADO,GCZ_FECHAALTA,GCZ_FECHAMOD,GCZ_FECHAPUB,GCZ_USUARIOALTA,GCZ_USUARIOMOD,GCZ_USUARIOPUB,TIPO) values ('3461','MOD',null,null,'TICKETING','REQUESTS','S',to_date('14/11/13','DD/MM/RR'),null,to_date('14/11/13','DD/MM/RR'),'admin',null,'admin','PRE');
Insert into GCZ_GRUPO_OPERACIONES (ID_GRUPO_OPERACIONES,CODIGO_GRUPO_OPERACIONES,NOMBRE,DESCRIPCION,CODIGO_SERVICIO,CODIGO_SECCION,GCZ_PUBLICADO,GCZ_FECHAALTA,GCZ_FECHAMOD,GCZ_FECHAPUB,GCZ_USUARIOALTA,GCZ_USUARIOMOD,GCZ_USUARIOPUB,TIPO) values ('3523','MODMULTIPLE','Acciones sobre varias quejas',null,'TICKETING','REQUESTS','S',to_date('27/10/14','DD/MM/RR'),null,to_date('27/10/14','DD/MM/RR'),'admin',null,'admin','ESP');
Insert into GCZ_GRUPO_OPERACIONES (ID_GRUPO_OPERACIONES,CODIGO_GRUPO_OPERACIONES,NOMBRE,DESCRIPCION,CODIGO_SERVICIO,CODIGO_SECCION,GCZ_PUBLICADO,GCZ_FECHAALTA,GCZ_FECHAMOD,GCZ_FECHAPUB,GCZ_USUARIOALTA,GCZ_USUARIOMOD,GCZ_USUARIOPUB,TIPO) values ('3462','NEW',null,null,'TICKETING','REQUESTS','S',to_date('14/11/13','DD/MM/RR'),null,to_date('14/11/13','DD/MM/RR'),'admin',null,'admin','PRE');
Insert into GCZ_GRUPO_OPERACIONES (ID_GRUPO_OPERACIONES,CODIGO_GRUPO_OPERACIONES,NOMBRE,DESCRIPCION,CODIGO_SERVICIO,CODIGO_SECCION,GCZ_PUBLICADO,GCZ_FECHAALTA,GCZ_FECHAMOD,GCZ_FECHAPUB,GCZ_USUARIOALTA,GCZ_USUARIOMOD,GCZ_USUARIOPUB,TIPO) values ('3513','OPERADOR','Operador de quejas',null,'TICKETING','REQUESTS','S',to_date('12/08/14','DD/MM/RR'),null,to_date('12/08/14','DD/MM/RR'),'admin',null,'admin','ESP');
Insert into GCZ_GRUPO_OPERACIONES (ID_GRUPO_OPERACIONES,CODIGO_GRUPO_OPERACIONES,NOMBRE,DESCRIPCION,CODIGO_SERVICIO,CODIGO_SECCION,GCZ_PUBLICADO,GCZ_FECHAALTA,GCZ_FECHAMOD,GCZ_FECHAPUB,GCZ_USUARIOALTA,GCZ_USUARIOMOD,GCZ_USUARIOPUB,TIPO) values ('3618','ORD','Informe en odt',null,'TICKETING','REQUESTS','S',to_date('07/11/16','DD/MM/RR'),null,to_date('07/11/16','DD/MM/RR'),'admin',null,'admin','ESP');
Insert into GCZ_GRUPO_OPERACIONES (ID_GRUPO_OPERACIONES,CODIGO_GRUPO_OPERACIONES,NOMBRE,DESCRIPCION,CODIGO_SERVICIO,CODIGO_SECCION,GCZ_PUBLICADO,GCZ_FECHAALTA,GCZ_FECHAMOD,GCZ_FECHAPUB,GCZ_USUARIOALTA,GCZ_USUARIOMOD,GCZ_USUARIOPUB,TIPO) values ('3463','PUB',null,null,'TICKETING','REQUESTS','S',to_date('14/11/13','DD/MM/RR'),null,to_date('14/11/13','DD/MM/RR'),'admin',null,'admin','PRE');
Insert into GCZ_GRUPO_OPERACIONES (ID_GRUPO_OPERACIONES,CODIGO_GRUPO_OPERACIONES,NOMBRE,DESCRIPCION,CODIGO_SERVICIO,CODIGO_SECCION,GCZ_PUBLICADO,GCZ_FECHAALTA,GCZ_FECHAMOD,GCZ_FECHAPUB,GCZ_USUARIOALTA,GCZ_USUARIOMOD,GCZ_USUARIOPUB,TIPO) values ('3524','REQUERIMIENTO','Requerimientos',null,'TICKETING','REQUESTS','S',to_date('16/12/14','DD/MM/RR'),null,to_date('16/12/14','DD/MM/RR'),'admin',null,'admin','ESP');
Insert into GCZ_GRUPO_OPERACIONES (ID_GRUPO_OPERACIONES,CODIGO_GRUPO_OPERACIONES,NOMBRE,DESCRIPCION,CODIGO_SERVICIO,CODIGO_SECCION,GCZ_PUBLICADO,GCZ_FECHAALTA,GCZ_FECHAMOD,GCZ_FECHAPUB,GCZ_USUARIOALTA,GCZ_USUARIOMOD,GCZ_USUARIOPUB,TIPO) values ('3490','SENDEXTERNO','Enviar a Externo y Gesti¿e externos','Poder enviar un correo a una empresa de fuera del sistema para notificarle de la incidencia y poder gestionar las empresas','TICKETING','REQUESTS','S',to_date('07/03/14','DD/MM/RR'),to_date('17/03/14','DD/MM/RR'),to_date('07/03/14','DD/MM/RR'),'admin','admin','admin','ESP');
Insert into GCZ_GRUPO_OPERACIONES (ID_GRUPO_OPERACIONES,CODIGO_GRUPO_OPERACIONES,NOMBRE,DESCRIPCION,CODIGO_SERVICIO,CODIGO_SECCION,GCZ_PUBLICADO,GCZ_FECHAALTA,GCZ_FECHAMOD,GCZ_FECHAPUB,GCZ_USUARIOALTA,GCZ_USUARIOMOD,GCZ_USUARIOPUB,TIPO) values ('3516','SENDINSPECTOR','Derivar a inspector',null,'TICKETING','REQUESTS','S',to_date('15/09/14','DD/MM/RR'),null,to_date('15/09/14','DD/MM/RR'),'admin',null,'admin','ESP');
Insert into GCZ_GRUPO_OPERACIONES (ID_GRUPO_OPERACIONES,CODIGO_GRUPO_OPERACIONES,NOMBRE,DESCRIPCION,CODIGO_SERVICIO,CODIGO_SECCION,GCZ_PUBLICADO,GCZ_FECHAALTA,GCZ_FECHAMOD,GCZ_FECHAPUB,GCZ_USUARIOALTA,GCZ_USUARIOMOD,GCZ_USUARIOPUB,TIPO) values ('3518','ZONAINSPECCION','Zonas de inspeccion parques y jardines',null,'TICKETING','REQUESTS','S',to_date('17/09/14','DD/MM/RR'),null,to_date('17/09/14','DD/MM/RR'),'admin',null,'admin','ESP');

Insert into GCZ_PERFIL (CODIGO_PERFIL,CODIGO_SERVICIO,NOMBRE,DESCRIPCION,GCZ_PUBLICADO,GCZ_USUARIOALTA,GCZ_USUARIOMOD,GCZ_USUARIOPUB,GCZ_FECHAALTA,GCZ_FECHAMOD,GCZ_FECHAPUB,ID_PERFIL) values ('TICKETINGADMINISTRADORES','TICKETING','Administradores de QyS',null,'S','admin',null,'admin',to_date('15/11/13','DD/MM/RR'),null,to_date('15/11/13','DD/MM/RR'),'1658');
Insert into GCZ_PERFIL_GRUPO_OPERACIONES (ID_GRUPO_OPERACIONES,ID_PERFIL) values ('3470','1658');
Insert into GCZ_PERFIL_GRUPO_OPERACIONES (ID_GRUPO_OPERACIONES,ID_PERFIL) values ('3515','1658');
Insert into GCZ_PERFIL_GRUPO_OPERACIONES (ID_GRUPO_OPERACIONES,ID_PERFIL) values ('3519','1658');
Insert into GCZ_PERFIL_GRUPO_OPERACIONES (ID_GRUPO_OPERACIONES,ID_PERFIL) values ('3459','1658');
Insert into GCZ_PERFIL_GRUPO_OPERACIONES (ID_GRUPO_OPERACIONES,ID_PERFIL) values ('3458','1658');
Insert into GCZ_PERFIL_GRUPO_OPERACIONES (ID_GRUPO_OPERACIONES,ID_PERFIL) values ('3460','1658');
Insert into GCZ_PERFIL_GRUPO_OPERACIONES (ID_GRUPO_OPERACIONES,ID_PERFIL) values ('3520','1658');
Insert into GCZ_PERFIL_GRUPO_OPERACIONES (ID_GRUPO_OPERACIONES,ID_PERFIL) values ('3461','1658');
Insert into GCZ_PERFIL_GRUPO_OPERACIONES (ID_GRUPO_OPERACIONES,ID_PERFIL) values ('3523','1658');
Insert into GCZ_PERFIL_GRUPO_OPERACIONES (ID_GRUPO_OPERACIONES,ID_PERFIL) values ('3462','1658');
Insert into GCZ_PERFIL_GRUPO_OPERACIONES (ID_GRUPO_OPERACIONES,ID_PERFIL) values ('3463','1658');


Insert into GCZ_PERFIL_USUARIO(ID_USUARIO, ID_PERFIL) values (1,1658);


insert into GCZ_PROPIEDAD_USUARIO (id_usuario,etiqueta,valor) values (1,'rootcat_ticketing',3899392);
insert into GCZ_PROPIEDAD_USUARIO (id_usuario,etiqueta,valor) values (1,'usr_ticketing',2);