REM INSERTING into CALLE
SET DEFINE OFF;
Insert into CALLE (ID,NOMBRE,NOMBRE_COMPLETO,TIPO_VIA,GCZ_PUBLICADO,GCZ_FECHAALTA,GCZ_FECHAMOD,GCZ_FECHAPUB,GCZ_USUARIOALTA,GCZ_USUARIOMOD,GCZ_USUARIOPUB) values ('13435','GRACIA,LUCIANO(POETA)','GRACIA,LUCIANO(POETA) Completo','AV','S',null,null,null,null,null,null);
Insert into CALLE (ID,NOMBRE,NOMBRE_COMPLETO,TIPO_VIA,GCZ_PUBLICADO,GCZ_FECHAALTA,GCZ_FECHAMOD,GCZ_FECHAPUB,GCZ_USUARIOALTA,GCZ_USUARIOMOD,GCZ_USUARIOPUB) values ('13460','GRACIA GAZULLA, FDO.','GRACIA GAZULLA, FDO. Completo','AV','S',null,null,null,null,null,null);
REM INSERTING into CALL_JUNTA
SET DEFINE OFF;
Insert into CALL_JUNTA (ID_CALLE,PRIMER_NUMERO,ULTIMO_NUMERO,COD_POS,ID_JUNTA) values ('13460','002','004','50015','6');
Insert into CALL_JUNTA (ID_CALLE,PRIMER_NUMERO,ULTIMO_NUMERO,COD_POS,ID_JUNTA) values ('13460','006','014','50015','6');
Insert into CALL_JUNTA (ID_CALLE,PRIMER_NUMERO,ULTIMO_NUMERO,COD_POS,ID_JUNTA) values ('13460','016','016','50015','6');
Insert into CALL_JUNTA (ID_CALLE,PRIMER_NUMERO,ULTIMO_NUMERO,COD_POS,ID_JUNTA) values ('13460','020','022','50015','6');
Insert into CALL_JUNTA (ID_CALLE,PRIMER_NUMERO,ULTIMO_NUMERO,COD_POS,ID_JUNTA) values ('13435','000','000','50015','1');

REM INSERTING into BARRIO
SET DEFINE OFF;
Insert into BARRIO (ID_BARRIO,NOMBRE) values ('36','Arcosur');
Insert into BARRIO (ID_BARRIO,NOMBRE) values ('1','Actur');
Insert into BARRIO (ID_BARRIO,NOMBRE) values ('3','Arrabal');
Insert into BARRIO (ID_BARRIO,NOMBRE) values ('4','Casco Histórico');
Insert into BARRIO (ID_BARRIO,NOMBRE) values ('5','Centro');
Insert into BARRIO (ID_BARRIO,NOMBRE) values ('7','La Jota');
Insert into BARRIO (ID_BARRIO,NOMBRE) values ('8','La Paz');
Insert into BARRIO (ID_BARRIO,NOMBRE) values ('9','Las Fuentes');
Insert into BARRIO (ID_BARRIO,NOMBRE) values ('10','Oliver');
Insert into BARRIO (ID_BARRIO,NOMBRE) values ('11','Picarral');
Insert into BARRIO (ID_BARRIO,NOMBRE) values ('13','San Jos¿');
Insert into BARRIO (ID_BARRIO,NOMBRE) values ('14','Torrero');
Insert into BARRIO (ID_BARRIO,NOMBRE) values ('16','Juslibol');
Insert into BARRIO (ID_BARRIO,NOMBRE) values ('17','La Cartuja Baja');
Insert into BARRIO (ID_BARRIO,NOMBRE) values ('18','Monta¿ana');
Insert into BARRIO (ID_BARRIO,NOMBRE) values ('21','San Juan de Mozarrifar');
Insert into BARRIO (ID_BARRIO,NOMBRE) values ('23','Santa Isabel');
Insert into BARRIO (ID_BARRIO,NOMBRE) values ('29','Miralbueno');
Insert into BARRIO (ID_BARRIO,NOMBRE) values ('31','Venta del Olivar');
Insert into BARRIO (ID_BARRIO,NOMBRE) values ('6','Delicias');
Insert into BARRIO (ID_BARRIO,NOMBRE) values ('19','Movera');
Insert into BARRIO (ID_BARRIO,NOMBRE) values ('2','Almozara');
Insert into BARRIO (ID_BARRIO,NOMBRE) values ('12','Romareda/Universidad');
Insert into BARRIO (ID_BARRIO,NOMBRE) values ('15','Valdefierro');
Insert into BARRIO (ID_BARRIO,NOMBRE) values ('20','Peñaflor');
Insert into BARRIO (ID_BARRIO,NOMBRE) values ('22','San Gregorio');
Insert into BARRIO (ID_BARRIO,NOMBRE) values ('24','Torrecilla de Valmadrid');
Insert into BARRIO (ID_BARRIO,NOMBRE) values ('25','Alfocea');
Insert into BARRIO (ID_BARRIO,NOMBRE) values ('26','Casablanca');
Insert into BARRIO (ID_BARRIO,NOMBRE) values ('27','Casetas');
Insert into BARRIO (ID_BARRIO,NOMBRE) values ('28','Garrapinillos');
Insert into BARRIO (ID_BARRIO,NOMBRE) values ('30','Monzalbarba');
Insert into BARRIO (ID_BARRIO,NOMBRE) values ('32','Villarrapa');
Insert into BARRIO (ID_BARRIO,NOMBRE) values ('33','Valdespartera');
Insert into BARRIO (ID_BARRIO,NOMBRE) values ('34','Ranillas');
Insert into BARRIO (ID_BARRIO,NOMBRE) values ('35','Vadorrey');
REM INSERTING into JUNTA
SET DEFINE OFF;
Insert into JUNTA (ID_JUNTA,NOMBRE,NOMBRE_PADRON,ID_MAPA,ID_CEN,DESCRIPCION) values ('1','Junta Municipal Actur - Rey Fernando','Junta ACTUR-Rey Fernando',null,null,null);
Insert into JUNTA (ID_JUNTA,NOMBRE,NOMBRE_PADRON,ID_MAPA,ID_CEN,DESCRIPCION) values ('2','Junta Municipal La Almozara','Junta La Almozara',null,null,null);
Insert into JUNTA (ID_JUNTA,NOMBRE,NOMBRE_PADRON,ID_MAPA,ID_CEN,DESCRIPCION) values ('3','Junta Municipal Casco Hist¿rico','Junta Casco Histórico',null,null,null);
Insert into JUNTA (ID_JUNTA,NOMBRE,NOMBRE_PADRON,ID_MAPA,ID_CEN,DESCRIPCION) values ('4','Junta Municipal Centro','Junta Centro',null,null,null);
Insert into JUNTA (ID_JUNTA,NOMBRE,NOMBRE_PADRON,ID_MAPA,ID_CEN,DESCRIPCION) values ('5','Junta Municipal Delicias','Junta Delicias',null,null,null);
Insert into JUNTA (ID_JUNTA,NOMBRE,NOMBRE_PADRON,ID_MAPA,ID_CEN,DESCRIPCION) values ('6','Junta Municipal El Rabal','Junta de el Rabal',null,null,null);
Insert into JUNTA (ID_JUNTA,NOMBRE,NOMBRE_PADRON,ID_MAPA,ID_CEN,DESCRIPCION) values ('7','Junta Municipal Las Fuentes','Junta Las Fuentes',null,null,null);
Insert into JUNTA (ID_JUNTA,NOMBRE,NOMBRE_PADRON,ID_MAPA,ID_CEN,DESCRIPCION) values ('8','Junta Municipal Oliver-Valdefierro','Junta Oliver-Valdefierro',null,null,null);
Insert into JUNTA (ID_JUNTA,NOMBRE,NOMBRE_PADRON,ID_MAPA,ID_CEN,DESCRIPCION) values ('9','Junta Municipal San Jos¿','Junta San José',null,null,null);
Insert into JUNTA (ID_JUNTA,NOMBRE,NOMBRE_PADRON,ID_MAPA,ID_CEN,DESCRIPCION) values ('10','Junta Municipal Torrero','Junta Torrero-La Paz',null,null,null);
Insert into JUNTA (ID_JUNTA,NOMBRE,NOMBRE_PADRON,ID_MAPA,ID_CEN,DESCRIPCION) values ('11','Junta Municipal Universidad','Junta Universidad',null,null,null);
Insert into JUNTA (ID_JUNTA,NOMBRE,NOMBRE_PADRON,ID_MAPA,ID_CEN,DESCRIPCION) values ('12','Junta Municipal Casablanca','Junta Casablanca',null,null,null);
Insert into JUNTA (ID_JUNTA,NOMBRE,NOMBRE_PADRON,ID_MAPA,ID_CEN,DESCRIPCION) values ('13','Junta Municipal Santa Isabel','Junta Santa Isabel',null,null,null);
Insert into JUNTA (ID_JUNTA,NOMBRE,NOMBRE_PADRON,ID_MAPA,ID_CEN,DESCRIPCION) values ('14','Junta Vecinal Alfocea','JV de Alfocea',null,null,null);
Insert into JUNTA (ID_JUNTA,NOMBRE,NOMBRE_PADRON,ID_MAPA,ID_CEN,DESCRIPCION) values ('15','Junta Vecinal La Cartuja Baja','JV de la Cartuja Baja',null,null,null);
Insert into JUNTA (ID_JUNTA,NOMBRE,NOMBRE_PADRON,ID_MAPA,ID_CEN,DESCRIPCION) values ('16','Junta Vecinal Casetas','JV de Casetas',null,null,null);
Insert into JUNTA (ID_JUNTA,NOMBRE,NOMBRE_PADRON,ID_MAPA,ID_CEN,DESCRIPCION) values ('17','Junta Vecinal Garrapinillos','JV de Garrapinillos',null,null,null);
Insert into JUNTA (ID_JUNTA,NOMBRE,NOMBRE_PADRON,ID_MAPA,ID_CEN,DESCRIPCION) values ('18','Junta Vecinal Juslibol','JV de Juslibol-El Zorongo',null,null,null);
Insert into JUNTA (ID_JUNTA,NOMBRE,NOMBRE_PADRON,ID_MAPA,ID_CEN,DESCRIPCION) values ('19','Junta Vecinal Miralbueno','Junta Miralbueno',null,null,null);
Insert into JUNTA (ID_JUNTA,NOMBRE,NOMBRE_PADRON,ID_MAPA,ID_CEN,DESCRIPCION) values ('20','Junta Vecinal Monta¿ana','JV de Montañana',null,null,null);
Insert into JUNTA (ID_JUNTA,NOMBRE,NOMBRE_PADRON,ID_MAPA,ID_CEN,DESCRIPCION) values ('21','Junta Vecinal Monzalbarba','JV de Monzalbarba',null,null,null);
Insert into JUNTA (ID_JUNTA,NOMBRE,NOMBRE_PADRON,ID_MAPA,ID_CEN,DESCRIPCION) values ('22','Junta Vecinal Movera','JV de Movera',null,null,null);
Insert into JUNTA (ID_JUNTA,NOMBRE,NOMBRE_PADRON,ID_MAPA,ID_CEN,DESCRIPCION) values ('23','Junta Vecinal Pe¿aflor','JV de Peñaflor',null,null,null);
Insert into JUNTA (ID_JUNTA,NOMBRE,NOMBRE_PADRON,ID_MAPA,ID_CEN,DESCRIPCION) values ('24','Junta Vecinal San Gregorio','JV de San Gregorio',null,null,null);
Insert into JUNTA (ID_JUNTA,NOMBRE,NOMBRE_PADRON,ID_MAPA,ID_CEN,DESCRIPCION) values ('25','Junta Vecinal San Juan Mozarrifar','JV de San Juan de Mozarrifar',null,null,null);
Insert into JUNTA (ID_JUNTA,NOMBRE,NOMBRE_PADRON,ID_MAPA,ID_CEN,DESCRIPCION) values ('26','Junta Vecinal Torrecilla de Valmadrid','JV de Torrecilla de Valmadrid',null,null,null);
Insert into JUNTA (ID_JUNTA,NOMBRE,NOMBRE_PADRON,ID_MAPA,ID_CEN,DESCRIPCION) values ('27','Junta Vecinal Venta del Olivar','JV de la Venta del Olivar',null,null,null);
Insert into JUNTA (ID_JUNTA,NOMBRE,NOMBRE_PADRON,ID_MAPA,ID_CEN,DESCRIPCION) values ('28','Junta Vecinal Villamayor',null,null,null,null);
Insert into JUNTA (ID_JUNTA,NOMBRE,NOMBRE_PADRON,ID_MAPA,ID_CEN,DESCRIPCION) values ('29','Junta Vecinal Villarrapa','JV de Villarrapa',null,null,null);
REM INSERTING into JUNTA_TIENE_PROPIEDAD
SET DEFINE OFF;
Insert into JUNTA_TIENE_PROPIEDAD (ID_PROPIEDAD,ID_JUNTA,VALOR) values ('1','1','prueba');
REM INSERTING into MAPEO_SEMANTICO_VIA
SET DEFINE OFF;
Insert into MAPEO_SEMANTICO_VIA (ID,ID_VIA,ID_PROPIEDAD,URI_RECURSO,NOMBRE_RECURSO,ESTADO,PUNTUACION,FECHA_ALTA,FECHA_MOD_ESTADO,FECHA_MOD_PUNTUACION) values ('10','13460','2','http://es.dbpedia.org/resource/Angel_Ganivet','¿ngel Ganivete','P','0,95',to_date('31/03/14','DD/MM/RR'),to_date('31/03/14','DD/MM/RR'),to_date('31/03/14','DD/MM/RR'));
Insert into MAPEO_SEMANTICO_VIA (ID,ID_VIA,ID_PROPIEDAD,URI_RECURSO,NOMBRE_RECURSO,ESTADO,PUNTUACION,FECHA_ALTA,FECHA_MOD_ESTADO,FECHA_MOD_PUNTUACION) values ('14','13435','1','asdasd','¿','S','1',to_date('16/05/14','DD/MM/RR'),to_date('20/05/14','DD/MM/RR'),to_date('20/05/14','DD/MM/RR'));
Insert into MAPEO_SEMANTICO_VIA (ID,ID_VIA,ID_PROPIEDAD,URI_RECURSO,NOMBRE_RECURSO,ESTADO,PUNTUACION,FECHA_ALTA,FECHA_MOD_ESTADO,FECHA_MOD_PUNTUACION) values ('20','13460','1','asd','asdasd','S','1,1',to_date('20/05/14','DD/MM/RR'),to_date('20/05/14','DD/MM/RR'),to_date('20/05/14','DD/MM/RR'));
Insert into MAPEO_SEMANTICO_VIA (ID,ID_VIA,ID_PROPIEDAD,URI_RECURSO,NOMBRE_RECURSO,ESTADO,PUNTUACION,FECHA_ALTA,FECHA_MOD_ESTADO,FECHA_MOD_PUNTUACION) values ('16','13435','2','http://es.dbpedia.org/resource/Angel_Ganivet','¿ngel Ganiveta','S','0,95',to_date('16/05/14','DD/MM/RR'),to_date('14/08/14','DD/MM/RR'),to_date('14/08/14','DD/MM/RR'));
REM INSERTING into PORTALERO
SET DEFINE OFF;
Insert into PORTALERO (ID_POR,NUMERO,X,Y,ETIQUETA,COD_POS,ID,ID_BAR,ID_JUN,GCZ_FECHAALTA,GCZ_FECHAMOD,GCZ_PUBLICADO,GCZ_FECHAPUB,GCZ_USUARIOALTA,GCZ_USUARIOMOD,GCZ_USUARIOPUB,XWGS84,YWGS84) values ('1','1','681659,85','4602668,37','1',null,'13435','35','1',null,null,'S',null,null,null,null,'-0,82300080569432942922958318376913666725','41,553226472632509569393732817843556404');
Insert into PORTALERO (ID_POR,NUMERO,X,Y,ETIQUETA,COD_POS,ID,ID_BAR,ID_JUN,GCZ_FECHAALTA,GCZ_FECHAMOD,GCZ_PUBLICADO,GCZ_FECHAPUB,GCZ_USUARIOALTA,GCZ_USUARIOMOD,GCZ_USUARIOPUB,XWGS84,YWGS84) values ('4','4','681459,85','4605668,37',null,null,'13435','36','2',null,null,'S',null,null,null,null,'-0,82449131244973972165723807847825810313','41,580274655803961536548740696161985397');
Insert into PORTALERO (ID_POR,NUMERO,X,Y,ETIQUETA,COD_POS,ID,ID_BAR,ID_JUN,GCZ_FECHAALTA,GCZ_FECHAMOD,GCZ_PUBLICADO,GCZ_FECHAPUB,GCZ_USUARIOALTA,GCZ_USUARIOMOD,GCZ_USUARIOPUB,XWGS84,YWGS84) values ('2','1','678017,24','4613322,29','2',null,'13435',null,null,null,null,'S',null,null,null,null,'-0,86348766465181436835507611249340698123','41,649942123279615202591230627149343491');
Insert into PORTALERO (ID_POR,NUMERO,X,Y,ETIQUETA,COD_POS,ID,ID_BAR,ID_JUN,GCZ_FECHAALTA,GCZ_FECHAMOD,GCZ_PUBLICADO,GCZ_FECHAPUB,GCZ_USUARIOALTA,GCZ_USUARIOMOD,GCZ_USUARIOPUB,XWGS84,YWGS84) values ('3','3','681459,85','4605668,37',null,null,'13460',null,null,null,null,'S',null,null,null,null,'-0,82449131244973972165723807847825810313','41,580274655803961536548740696161985397');
Insert into PORTALERO (ID_POR,NUMERO,X,Y,ETIQUETA,COD_POS,ID,ID_BAR,ID_JUN,GCZ_FECHAALTA,GCZ_FECHAMOD,GCZ_PUBLICADO,GCZ_FECHAPUB,GCZ_USUARIOALTA,GCZ_USUARIOMOD,GCZ_USUARIOPUB,XWGS84,YWGS84) values ('8','4','681459,85','4605668,37',null,null,'13460','36','2',null,null,'S',null,null,null,null,'-0,82449131244973972165723807847825810313','41,580274655803961536548740696161985397');
Insert into PORTALERO (ID_POR,NUMERO,X,Y,ETIQUETA,COD_POS,ID,ID_BAR,ID_JUN,GCZ_FECHAALTA,GCZ_FECHAMOD,GCZ_PUBLICADO,GCZ_FECHAPUB,GCZ_USUARIOALTA,GCZ_USUARIOMOD,GCZ_USUARIOPUB,XWGS84,YWGS84) values ('9','4','681459,85','4605668,37',null,null,'13460','36','2',null,null,'S',null,null,null,null,'-0,82449131244973972165723807847825810313','41,580274655803961536548740696161985397');
REM INSERTING into TIPO_VIA
SET DEFINE OFF;
Insert into TIPO_VIA (CODIGO,NOMBRE_COMPLETO,NOMBRE_CORTO,ABREVIATURA) values ('LG','Lagos','Lagos','Lg.');
Insert into TIPO_VIA (CODIGO,NOMBRE_COMPLETO,NOMBRE_CORTO,ABREVIATURA) values ('DS','Diseminado','Diseminado','Dis.');
Insert into TIPO_VIA (CODIGO,NOMBRE_COMPLETO,NOMBRE_CORTO,ABREVIATURA) values ('RT','Rotonda','Rotonda','Rt.');
Insert into TIPO_VIA (CODIGO,NOMBRE_COMPLETO,NOMBRE_CORTO,ABREVIATURA) values ('AN','Andador','Andador','An.');
Insert into TIPO_VIA (CODIGO,NOMBRE_COMPLETO,NOMBRE_CORTO,ABREVIATURA) values ('AV','Avenida','Avenida','Av.');
Insert into TIPO_VIA (CODIGO,NOMBRE_COMPLETO,NOMBRE_CORTO,ABREVIATURA) values ('AVP','Avenida peatonal','Avenida','Av.');
Insert into TIPO_VIA (CODIGO,NOMBRE_COMPLETO,NOMBRE_CORTO,ABREVIATURA) values ('BR','Barrio','Barrio','Br.');
Insert into TIPO_VIA (CODIGO,NOMBRE_COMPLETO,NOMBRE_CORTO,ABREVIATURA) values ('CL','Calle','Calle','Cl.');
Insert into TIPO_VIA (CODIGO,NOMBRE_COMPLETO,NOMBRE_CORTO,ABREVIATURA) values ('CLP','Calle peatonal','Calle','Cl.');
Insert into TIPO_VIA (CODIGO,NOMBRE_COMPLETO,NOMBRE_CORTO,ABREVIATURA) values ('CLTP','Tramo peatonal','Calle','Cl.');
Insert into TIPO_VIA (CODIGO,NOMBRE_COMPLETO,NOMBRE_CORTO,ABREVIATURA) values ('CN','Camino','Camino','Cm.');
Insert into TIPO_VIA (CODIGO,NOMBRE_COMPLETO,NOMBRE_CORTO,ABREVIATURA) values ('CNTP','Camino peatonal','Camino','Cm.');
Insert into TIPO_VIA (CODIGO,NOMBRE_COMPLETO,NOMBRE_CORTO,ABREVIATURA) values ('CR','Carrera','Carrera','Cr.');
Insert into TIPO_VIA (CODIGO,NOMBRE_COMPLETO,NOMBRE_CORTO,ABREVIATURA) values ('CT','Carretera','Carretera','Crt.');
Insert into TIPO_VIA (CODIGO,NOMBRE_COMPLETO,NOMBRE_CORTO,ABREVIATURA) values ('GL','Glorieta','Glorieta','Gl.');
Insert into TIPO_VIA (CODIGO,NOMBRE_COMPLETO,NOMBRE_CORTO,ABREVIATURA) values ('JR','Jardin','Jardin','Jr.');
Insert into TIPO_VIA (CODIGO,NOMBRE_COMPLETO,NOMBRE_CORTO,ABREVIATURA) values ('PA','Patio','Patio','Pa.');
Insert into TIPO_VIA (CODIGO,NOMBRE_COMPLETO,NOMBRE_CORTO,ABREVIATURA) values ('PG','Pol¿no','Pol¿no','Pg.');
Insert into TIPO_VIA (CODIGO,NOMBRE_COMPLETO,NOMBRE_CORTO,ABREVIATURA) values ('PJ','Pasaje','Pasaje','Pj.');
Insert into TIPO_VIA (CODIGO,NOMBRE_COMPLETO,NOMBRE_CORTO,ABREVIATURA) values ('PL','Plaza','Plaza','Pl.');
Insert into TIPO_VIA (CODIGO,NOMBRE_COMPLETO,NOMBRE_CORTO,ABREVIATURA) values ('PQ','Parque','Parque','Pq.');
Insert into TIPO_VIA (CODIGO,NOMBRE_COMPLETO,NOMBRE_CORTO,ABREVIATURA) values ('PS','Paseo','Paseo','Ps.');
Insert into TIPO_VIA (CODIGO,NOMBRE_COMPLETO,NOMBRE_CORTO,ABREVIATURA) values ('PT','Puente','Puente','Pte.');
Insert into TIPO_VIA (CODIGO,NOMBRE_COMPLETO,NOMBRE_CORTO,ABREVIATURA) values ('RD','Ronda','Ronda','Rd.');
Insert into TIPO_VIA (CODIGO,NOMBRE_COMPLETO,NOMBRE_CORTO,ABREVIATURA) values ('EB','Embarcadero','Embarcadero','Eb.');